group,subgroup,value
Abraham Lincoln Birthplace National Historical Park,Ambystomatidae,5
Abraham Lincoln Birthplace National Historical Park,Bufonidae,2
Abraham Lincoln Birthplace National Historical Park,Cryptobranchidae,1
Abraham Lincoln Birthplace National Historical Park,Hylidae,4
Abraham Lincoln Birthplace National Historical Park,Microhylidae,1
Abraham Lincoln Birthplace National Historical Park,Plethodontidae,9
Abraham Lincoln Birthplace National Historical Park,Proteidae,1
Abraham Lincoln Birthplace National Historical Park,Ranidae,5
Abraham Lincoln Birthplace National Historical Park,Salamandridae,1
Abraham Lincoln Birthplace National Historical Park,Scaphiopodidae,1
Acadia National Park,Ambystomatidae,2
Acadia National Park,Bufonidae,1
Acadia National Park,Hylidae,2
Acadia National Park,Plethodontidae,4
Acadia National Park,Ranidae,5
Acadia National Park,Salamandridae,1
Adams National Historical Park,Hylidae,1
Adams National Historical Park,Ranidae,1
African Burial Ground National Monument,Hylidae,1
Agate Fossil Beds National Monument,Ambystomatidae,1
Agate Fossil Beds National Monument,Bufonidae,2
Agate Fossil Beds National Monument,Hylidae,1
Agate Fossil Beds National Monument,Ranidae,2
Agate Fossil Beds National Monument,Scaphiopodidae,1
Alibates Flint Quarries National Monument,Ambystomatidae,1
Alibates Flint Quarries National Monument,Bufonidae,5
Alibates Flint Quarries National Monument,Hylidae,2
Alibates Flint Quarries National Monument,Ranidae,2
Alibates Flint Quarries National Monument,Scaphiopodidae,3
Allegheny Portage Railroad National Historic Site,Ambystomatidae,3
Allegheny Portage Railroad National Historic Site,Bufonidae,2
Allegheny Portage Railroad National Historic Site,Hylidae,2
Allegheny Portage Railroad National Historic Site,Plethodontidae,11
Allegheny Portage Railroad National Historic Site,Proteidae,1
Allegheny Portage Railroad National Historic Site,Ranidae,5
Allegheny Portage Railroad National Historic Site,Salamandridae,1
American Memorial Park,Bufonidae,1
Amistad National Recreation Area,Bufonidae,4
Amistad National Recreation Area,Eleutherodactylidae,2
Amistad National Recreation Area,Hylidae,1
Amistad National Recreation Area,Microhylidae,1
Amistad National Recreation Area,Ranidae,1
Amistad National Recreation Area,Scaphiopodidae,1
Anacostia Park,Ambystomatidae,1
Anacostia Park,Bufonidae,2
Anacostia Park,Hylidae,3
Anacostia Park,Plethodontidae,1
Anacostia Park,Ranidae,5
Andersonville National Historic Site,Hylidae,1
Andersonville National Historic Site,Ranidae,1
Aniakchak National Monument,Ranidae,1
Antietam National Battlefield,Bufonidae,2
Antietam National Battlefield,Hylidae,2
Antietam National Battlefield,Plethodontidae,6
Antietam National Battlefield,Ranidae,4
Apostle Islands National Lakeshore,Ambystomatidae,2
Apostle Islands National Lakeshore,Bufonidae,1
Apostle Islands National Lakeshore,Hylidae,4
Apostle Islands National Lakeshore,Plethodontidae,2
Apostle Islands National Lakeshore,Proteidae,1
Apostle Islands National Lakeshore,Ranidae,5
Apostle Islands National Lakeshore,Salamandridae,1
Appalachian National Scenic Trail,Ambystomatidae,3
Appalachian National Scenic Trail,Cryptobranchidae,1
Appalachian National Scenic Trail,Hylidae,3
Appalachian National Scenic Trail,Plethodontidae,32
Appalachian National Scenic Trail,Proteidae,1
Appalachian National Scenic Trail,Ranidae,1
Appalachian National Scenic Trail,Salamandridae,1
Appomattox Court House National Historical Park,Ambystomatidae,3
Appomattox Court House National Historical Park,Bufonidae,1
Appomattox Court House National Historical Park,Hylidae,5
Appomattox Court House National Historical Park,Plethodontidae,7
Appomattox Court House National Historical Park,Ranidae,4
Appomattox Court House National Historical Park,Salamandridae,1
Arches National Park,Ambystomatidae,1
Arches National Park,Bufonidae,2
Arches National Park,Hylidae,1
Arches National Park,Ranidae,2
Arches National Park,Scaphiopodidae,2
Arkansas Post National Memorial,Ambystomatidae,1
Arkansas Post National Memorial,Amphiumidae,1
Arkansas Post National Memorial,Bufonidae,2
Arkansas Post National Memorial,Hylidae,5
Arkansas Post National Memorial,Microhylidae,1
Arkansas Post National Memorial,Plethodontidae,1
Arkansas Post National Memorial,Proteidae,1
Arkansas Post National Memorial,Ranidae,3
Arkansas Post National Memorial,Salamandridae,1
Arkansas Post National Memorial,Sirenidae,1
"Arlington House, The Robert E. Lee Memorial",Hylidae,1
"Arlington House, The Robert E. Lee Memorial",Pipidae,1
Assateague Island National Seashore,Bufonidae,1
Assateague Island National Seashore,Hylidae,3
Assateague Island National Seashore,Plethodontidae,2
Assateague Island National Seashore,Ranidae,4
Aztec Ruins National Monument,Ambystomatidae,1
Aztec Ruins National Monument,Bufonidae,1
Aztec Ruins National Monument,Hylidae,1
Aztec Ruins National Monument,Ranidae,1
Aztec Ruins National Monument,Scaphiopodidae,2
Badlands National Park,Ambystomatidae,1
Badlands National Park,Bufonidae,2
Badlands National Park,Hylidae,1
Badlands National Park,Ranidae,2
Badlands National Park,Scaphiopodidae,1
Bandelier National Monument,Ambystomatidae,1
Bandelier National Monument,Bufonidae,2
Bandelier National Monument,Hylidae,2
Bandelier National Monument,Plethodontidae,1
Bandelier National Monument,Ranidae,1
Bandelier National Monument,Scaphiopodidae,1
Belmont-Paul Women's Equality National Monument,Hylidae,1
Belmont-Paul Women's Equality National Monument,Pipidae,1
Bent's Old Fort National Historic Site,Ambystomatidae,1
Bent's Old Fort National Historic Site,Bufonidae,2
Bent's Old Fort National Historic Site,Hylidae,1
Bent's Old Fort National Historic Site,Ranidae,2
Big Bend National Park,Ambystomatidae,1
Big Bend National Park,Bufonidae,4
Big Bend National Park,Eleutherodactylidae,2
Big Bend National Park,Hylidae,3
Big Bend National Park,Microhylidae,1
Big Bend National Park,Ranidae,2
Big Bend National Park,Scaphiopodidae,2
Big Cypress National Preserve (includes addition),Amphiumidae,1
Big Cypress National Preserve (includes addition),Bufonidae,3
Big Cypress National Preserve (includes addition),Eleutherodactylidae,2
Big Cypress National Preserve (includes addition),Hylidae,8
Big Cypress National Preserve (includes addition),Microhylidae,1
Big Cypress National Preserve (includes addition),Pipidae,1
Big Cypress National Preserve (includes addition),Ranidae,2
Big Cypress National Preserve (includes addition),Salamandridae,1
Big Cypress National Preserve (includes addition),Sirenidae,2
Big Hole National Battlefield,Ambystomatidae,1
Big Hole National Battlefield,Bufonidae,1
Big Hole National Battlefield,Leiopelmatidae,1
Big Hole National Battlefield,Ranidae,1
Big South Fork National River and Recreation Area,Ambystomatidae,2
Big South Fork National River and Recreation Area,Bufonidae,2
Big South Fork National River and Recreation Area,Cryptobranchidae,1
Big South Fork National River and Recreation Area,Hylidae,5
Big South Fork National River and Recreation Area,Microhylidae,1
Big South Fork National River and Recreation Area,Plethodontidae,16
Big South Fork National River and Recreation Area,Proteidae,1
Big South Fork National River and Recreation Area,Ranidae,4
Big South Fork National River and Recreation Area,Salamandridae,1
Big South Fork National River and Recreation Area,Scaphiopodidae,1
Big Thicket National Preserve,Ambystomatidae,3
Big Thicket National Preserve,Amphiumidae,1
Big Thicket National Preserve,Bufonidae,3
Big Thicket National Preserve,Eleutherodactylidae,1
Big Thicket National Preserve,Hylidae,7
Big Thicket National Preserve,Microhylidae,2
Big Thicket National Preserve,Plethodontidae,2
Big Thicket National Preserve,Proteidae,1
Big Thicket National Preserve,Ranidae,5
Big Thicket National Preserve,Salamandridae,1
Big Thicket National Preserve,Scaphiopodidae,1
Big Thicket National Preserve,Sirenidae,1
Bighorn Canyon National Recreation Area,Ambystomatidae,1
Bighorn Canyon National Recreation Area,Bufonidae,1
Bighorn Canyon National Recreation Area,Hylidae,1
Bighorn Canyon National Recreation Area,Ranidae,1
Bighorn Canyon National Recreation Area,Scaphiopodidae,1
Biscayne National Park,Bufonidae,2
Biscayne National Park,Eleutherodactylidae,2
Biscayne National Park,Hylidae,4
Biscayne National Park,Microhylidae,1
Biscayne National Park,Pipidae,1
Biscayne National Park,Ranidae,2
Biscayne National Park,Typhlonectidae,1
Black Canyon of the Gunnison National Park,Ambystomatidae,1
Black Canyon of the Gunnison National Park,Ranidae,1
Blackstone River Valley National Historical Park,Hylidae,1
Blackstone River Valley National Historical Park,Pipidae,1
Blackstone River Valley National Historical Park,Ranidae,1
Blue Ridge Parkway,Ambystomatidae,3
Blue Ridge Parkway,Bufonidae,2
Blue Ridge Parkway,Cryptobranchidae,1
Blue Ridge Parkway,Hylidae,6
Blue Ridge Parkway,Plethodontidae,39
Blue Ridge Parkway,Proteidae,1
Blue Ridge Parkway,Ranidae,4
Blue Ridge Parkway,Salamandridae,1
Bluestone National Scenic River,Ambystomatidae,3
Bluestone National Scenic River,Bufonidae,1
Bluestone National Scenic River,Hylidae,4
Bluestone National Scenic River,Plethodontidae,16
Bluestone National Scenic River,Ranidae,4
Bluestone National Scenic River,Salamandridae,1
Booker T. Washington National Monument,Ambystomatidae,2
Booker T. Washington National Monument,Bufonidae,1
Booker T. Washington National Monument,Hylidae,3
Booker T. Washington National Monument,Plethodontidae,4
Booker T. Washington National Monument,Ranidae,3
Boston African American National Historic Site,Hylidae,1
Boston African American National Historic Site,Pipidae,1
Boston African American National Historic Site,Ranidae,1
Boston Harbor Islands National Recreation Area,Ambystomatidae,1
Boston Harbor Islands National Recreation Area,Hylidae,1
Boston Harbor Islands National Recreation Area,Plethodontidae,1
Boston Harbor Islands National Recreation Area,Ranidae,2
Boston National Historical Park,Pipidae,1
Boston National Historical Park,Ranidae,1
Brown v. Board of Education National Historical Park,Hylidae,1
Bryce Canyon National Park,Ambystomatidae,1
Bryce Canyon National Park,Hylidae,2
Bryce Canyon National Park,Ranidae,1
Bryce Canyon National Park,Scaphiopodidae,1
Buffalo National River,Ambystomatidae,3
Buffalo National River,Bufonidae,2
Buffalo National River,Hylidae,5
Buffalo National River,Plethodontidae,6
Buffalo National River,Proteidae,1
Buffalo National River,Ranidae,5
Buffalo National River,Salamandridae,1
Buffalo National River,Scaphiopodidae,1
Cabrillo National Monument,Eleutherodactylidae,1
Cabrillo National Monument,Pipidae,1
Cabrillo National Monument,Plethodontidae,1
Cabrillo National Monument,Ranidae,1
Camp Nelson National Monument,Bufonidae,1
Camp Nelson National Monument,Plethodontidae,1
Camp Nelson National Monument,Ranidae,1
Canaveral National Seashore,Amphiumidae,1
Canaveral National Seashore,Bufonidae,3
Canaveral National Seashore,Eleutherodactylidae,1
Canaveral National Seashore,Hylidae,9
Canaveral National Seashore,Microhylidae,1
Canaveral National Seashore,Pipidae,1
Canaveral National Seashore,Ranidae,4
Canaveral National Seashore,Salamandridae,1
Canaveral National Seashore,Scaphiopodidae,1
Canaveral National Seashore,Sirenidae,2
Cane River Creole National Historical Park,Ambystomatidae,4
Cane River Creole National Historical Park,Amphiumidae,1
Cane River Creole National Historical Park,Bufonidae,3
Cane River Creole National Historical Park,Hylidae,6
Cane River Creole National Historical Park,Microhylidae,1
Cane River Creole National Historical Park,Plethodontidae,3
Cane River Creole National Historical Park,Proteidae,1
Cane River Creole National Historical Park,Ranidae,4
Cane River Creole National Historical Park,Salamandridae,1
Cane River Creole National Historical Park,Scaphiopodidae,1
Cane River Creole National Historical Park,Sirenidae,1
Canyon De Chelly National Monument,Ambystomatidae,1
Canyon De Chelly National Monument,Bufonidae,3
Canyon De Chelly National Monument,Hylidae,2
Canyon De Chelly National Monument,Ranidae,2
Canyon De Chelly National Monument,Scaphiopodidae,2
Canyonlands National Park,Ambystomatidae,1
Canyonlands National Park,Bufonidae,2
Canyonlands National Park,Hylidae,1
Canyonlands National Park,Ranidae,2
Canyonlands National Park,Scaphiopodidae,1
Cape Cod National Seashore,Ambystomatidae,1
Cape Cod National Seashore,Bufonidae,2
Cape Cod National Seashore,Hylidae,2
Cape Cod National Seashore,Plethodontidae,2
Cape Cod National Seashore,Ranidae,4
Cape Cod National Seashore,Salamandridae,1
Cape Cod National Seashore,Scaphiopodidae,1
Cape Hatteras National Seashore,Amphiumidae,1
Cape Hatteras National Seashore,Bufonidae,2
Cape Hatteras National Seashore,Hylidae,4
Cape Hatteras National Seashore,Microhylidae,1
Cape Hatteras National Seashore,Plethodontidae,2
Cape Hatteras National Seashore,Ranidae,2
Cape Hatteras National Seashore,Scaphiopodidae,1
Cape Lookout National Seashore,Ambystomatidae,1
Cape Lookout National Seashore,Bufonidae,3
Cape Lookout National Seashore,Hylidae,3
Cape Lookout National Seashore,Microhylidae,1
Cape Lookout National Seashore,Ranidae,2
Cape Lookout National Seashore,Salamandridae,1
Cape Lookout National Seashore,Scaphiopodidae,1
Capitol Reef National Park,Ambystomatidae,1
Capitol Reef National Park,Bufonidae,2
Capitol Reef National Park,Hylidae,1
Capitol Reef National Park,Ranidae,1
Capitol Reef National Park,Scaphiopodidae,1
Capulin Volcano National Monument,Ambystomatidae,1
Capulin Volcano National Monument,Bufonidae,1
Capulin Volcano National Monument,Ranidae,1
Capulin Volcano National Monument,Scaphiopodidae,1
Carl Sandburg Home National Historic Site,Ambystomatidae,2
Carl Sandburg Home National Historic Site,Bufonidae,2
Carl Sandburg Home National Historic Site,Cryptobranchidae,1
Carl Sandburg Home National Historic Site,Hylidae,3
Carl Sandburg Home National Historic Site,Plethodontidae,16
Carl Sandburg Home National Historic Site,Proteidae,1
Carl Sandburg Home National Historic Site,Ranidae,4
Carl Sandburg Home National Historic Site,Salamandridae,1
Carl Sandburg Home National Historic Site,Scaphiopodidae,1
Carlsbad Caverns National Park,Bufonidae,4
Carlsbad Caverns National Park,Hylidae,1
Carlsbad Caverns National Park,Ranidae,2
Carlsbad Caverns National Park,Scaphiopodidae,2
Casa Grande Ruins National Monument,Ambystomatidae,1
Casa Grande Ruins National Monument,Bufonidae,2
Casa Grande Ruins National Monument,Ranidae,1
Casa Grande Ruins National Monument,Scaphiopodidae,2
Castillo de San Marcos National Monument,Bufonidae,1
Castillo de San Marcos National Monument,Eleutherodactylidae,1
Castillo de San Marcos National Monument,Hylidae,2
Castle Mountains National Monument,Ranidae,1
Catoctin Mountain Park,Ambystomatidae,2
Catoctin Mountain Park,Bufonidae,2
Catoctin Mountain Park,Hylidae,2
Catoctin Mountain Park,Plethodontidae,8
Catoctin Mountain Park,Ranidae,5
Catoctin Mountain Park,Salamandridae,1
Cedar Breaks National Monument,Ambystomatidae,1
Cedar Breaks National Monument,Hylidae,1
Chaco Culture National Historical Park,Ambystomatidae,1
Chaco Culture National Historical Park,Bufonidae,1
Chaco Culture National Historical Park,Scaphiopodidae,2
Chamizal National Memorial,Ranidae,1
Channel Islands National Park,Hylidae,1
Channel Islands National Park,Pipidae,1
Channel Islands National Park,Plethodontidae,2
Charles Pinckney National Historic Site,Bufonidae,1
Charles Pinckney National Historic Site,Hylidae,1
Charles Pinckney National Historic Site,Plethodontidae,1
Charles Pinckney National Historic Site,Ranidae,1
Chattahoochee River National Recreation Area,Ambystomatidae,2
Chattahoochee River National Recreation Area,Bufonidae,2
Chattahoochee River National Recreation Area,Hylidae,7
Chattahoochee River National Recreation Area,Microhylidae,1
Chattahoochee River National Recreation Area,Plethodontidae,9
Chattahoochee River National Recreation Area,Ranidae,4
Chattahoochee River National Recreation Area,Salamandridae,1
Chattahoochee River National Recreation Area,Scaphiopodidae,1
Chesapeake and Ohio Canal National Historical Park,Ambystomatidae,3
Chesapeake and Ohio Canal National Historical Park,Bufonidae,2
Chesapeake and Ohio Canal National Historical Park,Hylidae,6
Chesapeake and Ohio Canal National Historical Park,Plethodontidae,10
Chesapeake and Ohio Canal National Historical Park,Ranidae,6
Chesapeake and Ohio Canal National Historical Park,Salamandridae,1
Chickamauga & Chattanooga National Military Park,Ambystomatidae,3
Chickamauga & Chattanooga National Military Park,Bufonidae,2
Chickamauga & Chattanooga National Military Park,Cryptobranchidae,1
Chickamauga & Chattanooga National Military Park,Hylidae,4
Chickamauga & Chattanooga National Military Park,Microhylidae,1
Chickamauga & Chattanooga National Military Park,Plethodontidae,13
Chickamauga & Chattanooga National Military Park,Proteidae,1
Chickamauga & Chattanooga National Military Park,Ranidae,4
Chickamauga & Chattanooga National Military Park,Salamandridae,1
Chickasaw National Recreation Area,Bufonidae,2
Chickasaw National Recreation Area,Hylidae,3
Chickasaw National Recreation Area,Microhylidae,1
Chickasaw National Recreation Area,Ranidae,3
Chiricahua National Monument,Ambystomatidae,1
Chiricahua National Monument,Bufonidae,2
Chiricahua National Monument,Hylidae,1
Chiricahua National Monument,Ranidae,1
Chiricahua National Monument,Scaphiopodidae,1
Christiansted National Historic Site,Bufonidae,1
City of Rocks National Reserve,Hylidae,2
Colonial National Historical Park,Ambystomatidae,3
Colonial National Historical Park,Amphiumidae,1
Colonial National Historical Park,Bufonidae,2
Colonial National Historical Park,Hylidae,6
Colonial National Historical Park,Microhylidae,1
Colonial National Historical Park,Plethodontidae,10
Colonial National Historical Park,Ranidae,4
Colonial National Historical Park,Salamandridae,1
Colonial National Historical Park,Scaphiopodidae,1
Colorado National Monument,Ambystomatidae,1
Colorado National Monument,Bufonidae,2
Colorado National Monument,Hylidae,1
Colorado National Monument,Ranidae,2
Colorado National Monument,Scaphiopodidae,1
Congaree National Park,Ambystomatidae,3
Congaree National Park,Bufonidae,1
Congaree National Park,Hylidae,12
Congaree National Park,Microhylidae,1
Congaree National Park,Plethodontidae,7
Congaree National Park,Proteidae,1
Congaree National Park,Ranidae,6
Congaree National Park,Scaphiopodidae,1
Congaree National Park,Sirenidae,1
Coronado National Memorial,Ambystomatidae,1
Coronado National Memorial,Bufonidae,4
Coronado National Memorial,Craugastoridae,1
Coronado National Memorial,Hylidae,2
Coronado National Memorial,Ranidae,2
Coronado National Memorial,Scaphiopodidae,2
Cowpens National Battlefield,Ambystomatidae,3
Cowpens National Battlefield,Bufonidae,2
Cowpens National Battlefield,Hylidae,4
Cowpens National Battlefield,Microhylidae,1
Cowpens National Battlefield,Plethodontidae,9
Cowpens National Battlefield,Ranidae,4
Cowpens National Battlefield,Salamandridae,1
Cowpens National Battlefield,Scaphiopodidae,1
Crater Lake National Park,Ambystomatidae,2
Crater Lake National Park,Bufonidae,1
Crater Lake National Park,Hylidae,1
Crater Lake National Park,Leiopelmatidae,1
Crater Lake National Park,Plethodontidae,1
Crater Lake National Park,Ranidae,2
Crater Lake National Park,Salamandridae,1
Craters of the Moon National Monument,Ambystomatidae,2
Craters of the Moon National Monument,Bufonidae,1
Craters of the Moon National Monument,Hylidae,1
Craters of the Moon National Monument,Ranidae,2
Craters of the Moon National Monument,Scaphiopodidae,1
Cumberland Gap National Historical Park,Ambystomatidae,2
Cumberland Gap National Historical Park,Bufonidae,2
Cumberland Gap National Historical Park,Hylidae,4
Cumberland Gap National Historical Park,Plethodontidae,14
Cumberland Gap National Historical Park,Ranidae,4
Cumberland Gap National Historical Park,Salamandridae,1
Cumberland Gap National Historical Park,Scaphiopodidae,1
Cumberland Island National Seashore,Ambystomatidae,1
Cumberland Island National Seashore,Amphiumidae,1
Cumberland Island National Seashore,Bufonidae,2
Cumberland Island National Seashore,Eleutherodactylidae,1
Cumberland Island National Seashore,Hylidae,10
Cumberland Island National Seashore,Microhylidae,1
Cumberland Island National Seashore,Plethodontidae,2
Cumberland Island National Seashore,Ranidae,2
Cumberland Island National Seashore,Salamandridae,1
Cumberland Island National Seashore,Scaphiopodidae,1
Curecanti National Recreation Area,Ambystomatidae,1
Curecanti National Recreation Area,Hylidae,1
Curecanti National Recreation Area,Ranidae,2
Cuyahoga Valley National Park,Ambystomatidae,4
Cuyahoga Valley National Park,Bufonidae,2
Cuyahoga Valley National Park,Hylidae,3
Cuyahoga Valley National Park,Plethodontidae,9
Cuyahoga Valley National Park,Proteidae,1
Cuyahoga Valley National Park,Ranidae,5
Cuyahoga Valley National Park,Salamandridae,1
César E. Chávez National Monument,Ranidae,1
Dayton Aviation Heritage National Historical Park,Bufonidae,1
De Soto National Memorial,Bufonidae,1
De Soto National Memorial,Eleutherodactylidae,1
De Soto National Memorial,Hylidae,1
De Soto National Memorial,Pipidae,1
Death Valley National Park,Bufonidae,4
Death Valley National Park,Hylidae,1
Death Valley National Park,Plethodontidae,2
Death Valley National Park,Ranidae,2
Death Valley National Park,Scaphiopodidae,1
Delaware National Scenic River,Bufonidae,2
Delaware Water Gap National Recreation Area,Ambystomatidae,4
Delaware Water Gap National Recreation Area,Bufonidae,2
Delaware Water Gap National Recreation Area,Hylidae,3
Delaware Water Gap National Recreation Area,Plethodontidae,9
Delaware Water Gap National Recreation Area,Ranidae,5
Delaware Water Gap National Recreation Area,Salamandridae,1
Delaware Water Gap National Recreation Area,Scaphiopodidae,1
Denali National Park,Ranidae,1
Devils Postpile National Monument,Hylidae,1
Devils Tower National Monument,Ambystomatidae,1
Devils Tower National Monument,Bufonidae,2
Devils Tower National Monument,Hylidae,1
Devils Tower National Monument,Ranidae,1
Devils Tower National Monument,Scaphiopodidae,1
Dinosaur National Monument,Ambystomatidae,1
Dinosaur National Monument,Bufonidae,1
Dinosaur National Monument,Hylidae,1
Dinosaur National Monument,Ranidae,2
Dinosaur National Monument,Scaphiopodidae,1
Dry Tortugas National Park,Eleutherodactylidae,1
Ebey's Landing National Historical Reserve,Ambystomatidae,2
Ebey's Landing National Historical Reserve,Bufonidae,1
Ebey's Landing National Historical Reserve,Hylidae,1
Ebey's Landing National Historical Reserve,Plethodontidae,1
Ebey's Landing National Historical Reserve,Ranidae,1
Ebey's Landing National Historical Reserve,Salamandridae,1
Effigy Mounds National Monument,Ambystomatidae,1
Effigy Mounds National Monument,Bufonidae,1
Effigy Mounds National Monument,Hylidae,4
Effigy Mounds National Monument,Proteidae,1
Effigy Mounds National Monument,Ranidae,5
Eisenhower National Historic Site,Bufonidae,2
Eisenhower National Historic Site,Hylidae,2
Eisenhower National Historic Site,Plethodontidae,1
Eisenhower National Historic Site,Ranidae,2
El Malpais National Monument,Ambystomatidae,1
El Malpais National Monument,Bufonidae,2
El Malpais National Monument,Hylidae,3
El Malpais National Monument,Scaphiopodidae,2
El Morro National Monument,Ambystomatidae,1
El Morro National Monument,Bufonidae,1
El Morro National Monument,Hylidae,1
El Morro National Monument,Scaphiopodidae,2
Eleanor Roosevelt National Historic Site,Ambystomatidae,2
Eleanor Roosevelt National Historic Site,Hylidae,2
Eleanor Roosevelt National Historic Site,Plethodontidae,5
Eleanor Roosevelt National Historic Site,Ranidae,4
Eleanor Roosevelt National Historic Site,Salamandridae,1
Eugene O'Neill National Historic Site,Hylidae,1
Eugene O'Neill National Historic Site,Pipidae,1
Eugene O'Neill National Historic Site,Plethodontidae,1
Eugene O'Neill National Historic Site,Ranidae,1
Everglades National Park (includes expansion),Amphiumidae,1
Everglades National Park (includes expansion),Bufonidae,3
Everglades National Park (includes expansion),Eleutherodactylidae,2
Everglades National Park (includes expansion),Hylidae,6
Everglades National Park (includes expansion),Microhylidae,1
Everglades National Park (includes expansion),Pipidae,1
Everglades National Park (includes expansion),Ranidae,2
Everglades National Park (includes expansion),Salamandridae,1
Everglades National Park (includes expansion),Sirenidae,2
Everglades National Park (includes expansion),Typhlonectidae,1
Fire Island National Seashore,Bufonidae,1
Fire Island National Seashore,Hylidae,1
Fire Island National Seashore,Plethodontidae,1
Fire Island National Seashore,Ranidae,2
Fire Island National Seashore,Scaphiopodidae,1
First State National Historical Park,Bufonidae,1
First State National Historical Park,Plethodontidae,3
First State National Historical Park,Ranidae,3
Flight 93 National Memorial,Bufonidae,1
Flight 93 National Memorial,Salamandridae,1
Florissant Fossil Beds National Monument,Ambystomatidae,1
Florissant Fossil Beds National Monument,Hylidae,1
Florissant Fossil Beds National Monument,Ranidae,1
Fort Bowie National Historic Site,Ambystomatidae,2
Fort Bowie National Historic Site,Bufonidae,5
Fort Bowie National Historic Site,Hylidae,1
Fort Bowie National Historic Site,Ranidae,3
Fort Bowie National Historic Site,Scaphiopodidae,3
Fort Caroline National Memorial,Bufonidae,2
Fort Caroline National Memorial,Eleutherodactylidae,1
Fort Caroline National Memorial,Hylidae,7
Fort Caroline National Memorial,Microhylidae,1
Fort Caroline National Memorial,Ranidae,4
Fort Caroline National Memorial,Scaphiopodidae,1
Fort Circles Parks,Plethodontidae,3
Fort Davis National Historic Site,Ambystomatidae,1
Fort Davis National Historic Site,Bufonidae,3
Fort Davis National Historic Site,Hylidae,1
Fort Davis National Historic Site,Microhylidae,1
Fort Davis National Historic Site,Ranidae,2
Fort Davis National Historic Site,Scaphiopodidae,3
Fort Donelson National Battlefield,Ambystomatidae,4
Fort Donelson National Battlefield,Bufonidae,2
Fort Donelson National Battlefield,Hylidae,5
Fort Donelson National Battlefield,Microhylidae,1
Fort Donelson National Battlefield,Plethodontidae,7
Fort Donelson National Battlefield,Ranidae,3
Fort Donelson National Battlefield,Salamandridae,1
Fort Donelson National Battlefield,Scaphiopodidae,1
Fort Frederica National Monument,Bufonidae,1
Fort Frederica National Monument,Eleutherodactylidae,1
Fort Frederica National Monument,Hylidae,5
Fort Frederica National Monument,Microhylidae,1
Fort Frederica National Monument,Ranidae,1
Fort Frederica National Monument,Scaphiopodidae,1
Fort Laramie National Historic Site,Ambystomatidae,1
Fort Laramie National Historic Site,Bufonidae,2
Fort Laramie National Historic Site,Hylidae,1
Fort Laramie National Historic Site,Ranidae,2
Fort Laramie National Historic Site,Scaphiopodidae,1
Fort Larned National Historic Site,Ambystomatidae,1
Fort Larned National Historic Site,Bufonidae,2
Fort Larned National Historic Site,Hylidae,3
Fort Larned National Historic Site,Microhylidae,1
Fort Larned National Historic Site,Ranidae,2
Fort Larned National Historic Site,Scaphiopodidae,1
Fort Matanzas National Monument,Bufonidae,1
Fort Matanzas National Monument,Eleutherodactylidae,1
Fort Matanzas National Monument,Hylidae,3
Fort Matanzas National Monument,Microhylidae,1
Fort Matanzas National Monument,Plethodontidae,1
Fort Matanzas National Monument,Ranidae,1
Fort Matanzas National Monument,Scaphiopodidae,1
Fort McHenry National Monument and Historic Shrine,Bufonidae,2
Fort Necessity National Battlefield,Ambystomatidae,2
Fort Necessity National Battlefield,Bufonidae,2
Fort Necessity National Battlefield,Hylidae,3
Fort Necessity National Battlefield,Plethodontidae,11
Fort Necessity National Battlefield,Ranidae,5
Fort Necessity National Battlefield,Salamandridae,1
Fort Point National Historic Site,Plethodontidae,3
Fort Point National Historic Site,Ranidae,1
Fort Pulaski National Monument,Bufonidae,1
Fort Pulaski National Monument,Eleutherodactylidae,1
Fort Pulaski National Monument,Hylidae,5
Fort Pulaski National Monument,Microhylidae,1
Fort Pulaski National Monument,Ranidae,1
Fort Raleigh National Historic Site,Ambystomatidae,2
Fort Raleigh National Historic Site,Bufonidae,4
Fort Raleigh National Historic Site,Hylidae,9
Fort Raleigh National Historic Site,Microhylidae,1
Fort Raleigh National Historic Site,Plethodontidae,7
Fort Raleigh National Historic Site,Proteidae,1
Fort Raleigh National Historic Site,Ranidae,5
Fort Raleigh National Historic Site,Salamandridae,1
Fort Raleigh National Historic Site,Scaphiopodidae,1
Fort Raleigh National Historic Site,Sirenidae,2
Fort Sumter and Fort Moultrie National Historical Park,Ambystomatidae,1
Fort Sumter and Fort Moultrie National Historical Park,Bufonidae,1
Fort Sumter and Fort Moultrie National Historical Park,Eleutherodactylidae,1
Fort Sumter and Fort Moultrie National Historical Park,Hylidae,3
Fort Sumter and Fort Moultrie National Historical Park,Microhylidae,1
Fort Sumter and Fort Moultrie National Historical Park,Plethodontidae,1
Fort Sumter and Fort Moultrie National Historical Park,Ranidae,1
Fort Sumter and Fort Moultrie National Historical Park,Salamandridae,1
Fort Sumter and Fort Moultrie National Historical Park,Scaphiopodidae,1
Fort Sumter and Fort Moultrie National Historical Park,Sirenidae,1
Fort Union National Monument,Ambystomatidae,1
Fort Union National Monument,Bufonidae,2
Fort Union National Monument,Hylidae,1
Fort Union National Monument,Ranidae,1
Fort Union National Monument,Scaphiopodidae,1
Fort Union Trading Post National Historic Site,Ambystomatidae,1
Fort Union Trading Post National Historic Site,Bufonidae,2
Fort Union Trading Post National Historic Site,Hylidae,1
Fort Union Trading Post National Historic Site,Ranidae,1
Fort Union Trading Post National Historic Site,Scaphiopodidae,1
Fort Vancouver National Historic Site,Bufonidae,1
Fort Vancouver National Historic Site,Hylidae,1
Fort Vancouver National Historic Site,Ranidae,1
Fort Washington Park,Plethodontidae,1
Fort Washington Park,Ranidae,1
Fossil Butte National Monument,Ambystomatidae,1
Fossil Butte National Monument,Bufonidae,1
Fossil Butte National Monument,Hylidae,1
Fossil Butte National Monument,Ranidae,1
Fossil Butte National Monument,Scaphiopodidae,1
Fredericksburg and Spotsylvania National Military Park,Ambystomatidae,2
Fredericksburg and Spotsylvania National Military Park,Bufonidae,2
Fredericksburg and Spotsylvania National Military Park,Hylidae,5
Fredericksburg and Spotsylvania National Military Park,Plethodontidae,6
Fredericksburg and Spotsylvania National Military Park,Ranidae,6
Fredericksburg and Spotsylvania National Military Park,Salamandridae,1
Friendship Hill National Historic Site,Ambystomatidae,3
Friendship Hill National Historic Site,Bufonidae,2
Friendship Hill National Historic Site,Hylidae,3
Friendship Hill National Historic Site,Plethodontidae,8
Friendship Hill National Historic Site,Ranidae,5
Friendship Hill National Historic Site,Salamandridae,1
Gates of the Arctic National Park,Ranidae,1
Gateway Arch National Park,Bufonidae,1
Gateway National Recreation Area,Ambystomatidae,1
Gateway National Recreation Area,Bufonidae,2
Gateway National Recreation Area,Hylidae,2
Gateway National Recreation Area,Plethodontidae,1
Gateway National Recreation Area,Salamandridae,1
Gauley River National Recreation Area,Ambystomatidae,2
Gauley River National Recreation Area,Bufonidae,2
Gauley River National Recreation Area,Hylidae,3
Gauley River National Recreation Area,Plethodontidae,14
Gauley River National Recreation Area,Ranidae,4
Gauley River National Recreation Area,Salamandridae,1
George Washington Birthplace National Monument,Ambystomatidae,2
George Washington Birthplace National Monument,Bufonidae,2
George Washington Birthplace National Monument,Hylidae,4
George Washington Birthplace National Monument,Plethodontidae,2
George Washington Birthplace National Monument,Ranidae,3
George Washington Birthplace National Monument,Salamandridae,1
George Washington Carver National Monument,Ambystomatidae,1
George Washington Carver National Monument,Bufonidae,2
George Washington Carver National Monument,Hylidae,4
George Washington Carver National Monument,Microhylidae,2
George Washington Carver National Monument,Plethodontidae,1
George Washington Carver National Monument,Ranidae,4
George Washington Carver National Monument,Salamandridae,1
George Washington Memorial Parkway,Ambystomatidae,2
George Washington Memorial Parkway,Bufonidae,2
George Washington Memorial Parkway,Hylidae,4
George Washington Memorial Parkway,Plethodontidae,5
George Washington Memorial Parkway,Ranidae,5
George Washington Memorial Parkway,Salamandridae,1
Gettysburg National Military Park,Ambystomatidae,1
Gettysburg National Military Park,Bufonidae,2
Gettysburg National Military Park,Hylidae,3
Gettysburg National Military Park,Plethodontidae,3
Gettysburg National Military Park,Ranidae,5
Gettysburg National Military Park,Salamandridae,1
Gila Cliff Dwellings National Monument,Bufonidae,1
Gila Cliff Dwellings National Monument,Hylidae,1
Gila Cliff Dwellings National Monument,Ranidae,2
Glacier Bay National Park,Ambystomatidae,1
Glacier Bay National Park,Bufonidae,1
Glacier Bay National Park,Ranidae,2
Glacier Bay National Park,Salamandridae,1
Glacier National Park,Ambystomatidae,2
Glacier National Park,Bufonidae,1
Glacier National Park,Hylidae,2
Glacier National Park,Leiopelmatidae,1
Glacier National Park,Ranidae,2
Glen Canyon National Recreation Area,Ambystomatidae,1
Glen Canyon National Recreation Area,Bufonidae,3
Glen Canyon National Recreation Area,Hylidae,1
Glen Canyon National Recreation Area,Ranidae,2
Glen Canyon National Recreation Area,Scaphiopodidae,3
Golden Gate National Recreation Area,Ambystomatidae,1
Golden Gate National Recreation Area,Bombinatoridae,1
Golden Gate National Recreation Area,Bufonidae,1
Golden Gate National Recreation Area,Hylidae,1
Golden Gate National Recreation Area,Pipidae,1
Golden Gate National Recreation Area,Plethodontidae,4
Golden Gate National Recreation Area,Ranidae,3
Golden Gate National Recreation Area,Salamandridae,2
Golden Spike National Historical Park,Ambystomatidae,1
Golden Spike National Historical Park,Bufonidae,1
Golden Spike National Historical Park,Hylidae,1
Golden Spike National Historical Park,Ranidae,1
Golden Spike National Historical Park,Scaphiopodidae,1
Grand Canyon National Park,Ambystomatidae,1
Grand Canyon National Park,Bufonidae,3
Grand Canyon National Park,Hylidae,1
Grand Canyon National Park,Ranidae,3
Grand Canyon National Park,Scaphiopodidae,3
Grand Portage National Monument,Ambystomatidae,1
Grand Portage National Monument,Bufonidae,1
Grand Portage National Monument,Hylidae,3
Grand Portage National Monument,Plethodontidae,1
Grand Portage National Monument,Proteidae,1
Grand Portage National Monument,Ranidae,4
Grand Portage National Monument,Salamandridae,1
Grand Teton National Park,Ambystomatidae,1
Grand Teton National Park,Bufonidae,1
Grand Teton National Park,Hylidae,1
Grand Teton National Park,Ranidae,3
Grant-Kohrs Ranch National Historic Site,Ambystomatidae,1
Grant-Kohrs Ranch National Historic Site,Bufonidae,1
Grant-Kohrs Ranch National Historic Site,Ranidae,1
Great Basin National Park,Ranidae,1
Great Basin National Park,Scaphiopodidae,1
Great Falls Park,Ambystomatidae,2
Great Falls Park,Bufonidae,2
Great Falls Park,Hylidae,4
Great Falls Park,Plethodontidae,5
Great Falls Park,Ranidae,5
Great Falls Park,Salamandridae,1
Great Sand Dunes National Park,Ambystomatidae,1
Great Sand Dunes National Park,Bufonidae,2
Great Sand Dunes National Park,Hylidae,1
Great Sand Dunes National Park,Ranidae,2
Great Sand Dunes National Park,Scaphiopodidae,1
Great Smoky Mountains National Park,Ambystomatidae,3
Great Smoky Mountains National Park,Bufonidae,2
Great Smoky Mountains National Park,Cryptobranchidae,1
Great Smoky Mountains National Park,Hylidae,6
Great Smoky Mountains National Park,Microhylidae,1
Great Smoky Mountains National Park,Plethodontidae,28
Great Smoky Mountains National Park,Proteidae,1
Great Smoky Mountains National Park,Ranidae,5
Great Smoky Mountains National Park,Salamandridae,1
Great Smoky Mountains National Park,Scaphiopodidae,1
Greenbelt Park,Bufonidae,1
Greenbelt Park,Hylidae,1
Greenbelt Park,Plethodontidae,1
Greenbelt Park,Ranidae,1
Guadalupe Mountains National Park,Ambystomatidae,1
Guadalupe Mountains National Park,Bufonidae,4
Guadalupe Mountains National Park,Craugastoridae,1
Guadalupe Mountains National Park,Hylidae,1
Guadalupe Mountains National Park,Ranidae,2
Guadalupe Mountains National Park,Scaphiopodidae,3
Guilford Courthouse National Military Park,Ambystomatidae,2
Guilford Courthouse National Military Park,Bufonidae,2
Guilford Courthouse National Military Park,Hylidae,5
Guilford Courthouse National Military Park,Microhylidae,1
Guilford Courthouse National Military Park,Plethodontidae,7
Guilford Courthouse National Military Park,Ranidae,4
Guilford Courthouse National Military Park,Salamandridae,1
Gulf Islands National Seashore,Amphiumidae,1
Gulf Islands National Seashore,Bufonidae,2
Gulf Islands National Seashore,Eleutherodactylidae,1
Gulf Islands National Seashore,Hylidae,10
Gulf Islands National Seashore,Microhylidae,1
Gulf Islands National Seashore,Plethodontidae,5
Gulf Islands National Seashore,Ranidae,5
Gulf Islands National Seashore,Salamandridae,1
Gulf Islands National Seashore,Scaphiopodidae,1
Hagerman Fossil Beds National Monument,Ambystomatidae,2
Hagerman Fossil Beds National Monument,Bufonidae,2
Hagerman Fossil Beds National Monument,Hylidae,1
Hagerman Fossil Beds National Monument,Ranidae,2
Hagerman Fossil Beds National Monument,Scaphiopodidae,1
Haleakala National Park,Bufonidae,1
Haleakala National Park,Eleutherodactylidae,2
Haleakala National Park,Ranidae,2
Hampton National Historic Site,Bufonidae,1
Hampton National Historic Site,Plethodontidae,1
Hampton National Historic Site,Ranidae,2
Harmony Hall Park,Ranidae,1
Harpers Ferry National Historical Park,Ambystomatidae,2
Harpers Ferry National Historical Park,Bufonidae,2
Harpers Ferry National Historical Park,Hylidae,4
Harpers Ferry National Historical Park,Plethodontidae,9
Harpers Ferry National Historical Park,Ranidae,4
Harpers Ferry National Historical Park,Salamandridae,1
Hawaii Volcanoes National Park,Bufonidae,1
Hawaii Volcanoes National Park,Eleutherodactylidae,2
Hawaii Volcanoes National Park,Ranidae,2
Herbert Hoover National Historic Site,Bufonidae,1
Herbert Hoover National Historic Site,Hylidae,2
Herbert Hoover National Historic Site,Ranidae,2
Home of Franklin D. Roosevelt National Historic Site,Ambystomatidae,4
Home of Franklin D. Roosevelt National Historic Site,Bufonidae,1
Home of Franklin D. Roosevelt National Historic Site,Hylidae,2
Home of Franklin D. Roosevelt National Historic Site,Plethodontidae,8
Home of Franklin D. Roosevelt National Historic Site,Ranidae,4
Home of Franklin D. Roosevelt National Historic Site,Salamandridae,1
Homestead National Historical Park,Bufonidae,2
Homestead National Historical Park,Hylidae,3
Homestead National Historical Park,Ranidae,2
Honouliuli National Historic Site,Bufonidae,1
Honouliuli National Historic Site,Dendrobatidae,1
Honouliuli National Historic Site,Eleutherodactylidae,2
Honouliuli National Historic Site,Ranidae,2
Hopewell Culture National Historical Park,Ambystomatidae,3
Hopewell Culture National Historical Park,Bufonidae,2
Hopewell Culture National Historical Park,Cryptobranchidae,1
Hopewell Culture National Historical Park,Hylidae,4
Hopewell Culture National Historical Park,Plethodontidae,7
Hopewell Culture National Historical Park,Proteidae,1
Hopewell Culture National Historical Park,Ranidae,5
Hopewell Culture National Historical Park,Salamandridae,1
Hopewell Culture National Historical Park,Scaphiopodidae,1
Hopewell Furnace National Historic Site,Ambystomatidae,1
Hopewell Furnace National Historic Site,Bufonidae,1
Hopewell Furnace National Historic Site,Hylidae,2
Hopewell Furnace National Historic Site,Plethodontidae,7
Hopewell Furnace National Historic Site,Ranidae,4
Hopewell Furnace National Historic Site,Salamandridae,1
Horseshoe Bend National Military Park,Ambystomatidae,3
Horseshoe Bend National Military Park,Bufonidae,2
Horseshoe Bend National Military Park,Hylidae,11
Horseshoe Bend National Military Park,Microhylidae,1
Horseshoe Bend National Military Park,Plethodontidae,10
Horseshoe Bend National Military Park,Ranidae,5
Horseshoe Bend National Military Park,Salamandridae,1
Horseshoe Bend National Military Park,Scaphiopodidae,1
Hot Springs National Park,Ambystomatidae,3
Hot Springs National Park,Bufonidae,2
Hot Springs National Park,Hylidae,5
Hot Springs National Park,Microhylidae,1
Hot Springs National Park,Plethodontidae,5
Hot Springs National Park,Proteidae,1
Hot Springs National Park,Ranidae,3
Hot Springs National Park,Salamandridae,1
Hot Springs National Park,Sirenidae,1
Hovenweep National Monument,Ambystomatidae,1
Hovenweep National Monument,Bufonidae,2
Hovenweep National Monument,Hylidae,2
Hovenweep National Monument,Ranidae,1
Hovenweep National Monument,Scaphiopodidae,2
Hubbell Trading Post National Historic Site,Bufonidae,3
Hubbell Trading Post National Historic Site,Hylidae,1
Hubbell Trading Post National Historic Site,Ranidae,1
Hubbell Trading Post National Historic Site,Scaphiopodidae,2
Indiana Dunes National Park,Ambystomatidae,5
Indiana Dunes National Park,Bufonidae,2
Indiana Dunes National Park,Hylidae,5
Indiana Dunes National Park,Plethodontidae,3
Indiana Dunes National Park,Proteidae,1
Indiana Dunes National Park,Ranidae,5
Indiana Dunes National Park,Salamandridae,1
Indiana Dunes National Park,Sirenidae,1
Isle Royale National Park,Ambystomatidae,2
Isle Royale National Park,Bufonidae,1
Isle Royale National Park,Hylidae,3
Isle Royale National Park,Plethodontidae,1
Isle Royale National Park,Proteidae,1
Isle Royale National Park,Ranidae,4
Isle Royale National Park,Salamandridae,1
Jean Lafitte National Historical Park and Preserve,Ambystomatidae,1
Jean Lafitte National Historical Park and Preserve,Amphiumidae,1
Jean Lafitte National Historical Park and Preserve,Bufonidae,2
Jean Lafitte National Historical Park and Preserve,Eleutherodactylidae,2
Jean Lafitte National Historical Park and Preserve,Hylidae,8
Jean Lafitte National Historical Park and Preserve,Microhylidae,1
Jean Lafitte National Historical Park and Preserve,Plethodontidae,2
Jean Lafitte National Historical Park and Preserve,Ranidae,4
Jean Lafitte National Historical Park and Preserve,Salamandridae,1
Jean Lafitte National Historical Park and Preserve,Sirenidae,1
Jewel Cave National Monument,Ambystomatidae,1
Jewel Cave National Monument,Bufonidae,1
Jewel Cave National Monument,Hylidae,1
Jewel Cave National Monument,Ranidae,1
Jimmy Carter National Historical Park,Bufonidae,1
Jimmy Carter National Historical Park,Hylidae,1
John D. Rockefeller Jr. Memorial Parkway,Ambystomatidae,1
John D. Rockefeller Jr. Memorial Parkway,Bufonidae,1
John D. Rockefeller Jr. Memorial Parkway,Hylidae,1
John D. Rockefeller Jr. Memorial Parkway,Ranidae,3
John Day Fossil Beds National Monument,Ambystomatidae,1
John Day Fossil Beds National Monument,Bufonidae,1
John Day Fossil Beds National Monument,Hylidae,1
John Day Fossil Beds National Monument,Ranidae,2
John Day Fossil Beds National Monument,Scaphiopodidae,1
John Muir National Historic Site,Bufonidae,1
John Muir National Historic Site,Hylidae,1
John Muir National Historic Site,Pipidae,1
John Muir National Historic Site,Plethodontidae,3
John Muir National Historic Site,Ranidae,1
John Muir National Historic Site,Salamandridae,1
Johnstown Flood National Memorial,Ambystomatidae,3
Johnstown Flood National Memorial,Bufonidae,2
Johnstown Flood National Memorial,Hylidae,2
Johnstown Flood National Memorial,Plethodontidae,11
Johnstown Flood National Memorial,Proteidae,1
Johnstown Flood National Memorial,Ranidae,5
Johnstown Flood National Memorial,Salamandridae,1
Joshua Tree National Park,Bufonidae,2
Joshua Tree National Park,Hylidae,2
Kalaupapa National Historical Park,Bufonidae,1
Kaloko-Honokohau National Historical Park,Bufonidae,1
Kaloko-Honokohau National Historical Park,Eleutherodactylidae,2
Kaloko-Honokohau National Historical Park,Ranidae,1
Katahdin Woods and Waters National Monument,Ambystomatidae,1
Katahdin Woods and Waters National Monument,Bufonidae,1
Katahdin Woods and Waters National Monument,Hylidae,2
Katahdin Woods and Waters National Monument,Plethodontidae,1
Katahdin Woods and Waters National Monument,Ranidae,6
Katahdin Woods and Waters National Monument,Salamandridae,1
Katmai National Park,Ranidae,1
Kenai Fjords National Park,Ranidae,1
Kenilworth Park and Aquatic Gardens,Ambystomatidae,2
Kenilworth Park and Aquatic Gardens,Bufonidae,2
Kenilworth Park and Aquatic Gardens,Hylidae,4
Kenilworth Park and Aquatic Gardens,Plethodontidae,5
Kenilworth Park and Aquatic Gardens,Ranidae,5
Kennesaw Mountain National Battlefield Park,Ambystomatidae,2
Kennesaw Mountain National Battlefield Park,Bufonidae,2
Kennesaw Mountain National Battlefield Park,Hylidae,6
Kennesaw Mountain National Battlefield Park,Plethodontidae,9
Kennesaw Mountain National Battlefield Park,Ranidae,4
Kings Canyon National Park,Bufonidae,2
Kings Canyon National Park,Hylidae,1
Kings Canyon National Park,Plethodontidae,5
Kings Canyon National Park,Ranidae,4
Kings Canyon National Park,Salamandridae,1
Kings Mountain National Military Park,Ambystomatidae,2
Kings Mountain National Military Park,Bufonidae,2
Kings Mountain National Military Park,Hylidae,4
Kings Mountain National Military Park,Microhylidae,1
Kings Mountain National Military Park,Plethodontidae,8
Kings Mountain National Military Park,Ranidae,4
Kings Mountain National Military Park,Salamandridae,1
Kings Mountain National Military Park,Scaphiopodidae,1
Klondike Gold Rush National Historical Park,Bufonidae,1
Klondike Gold Rush National Historical Park,Pipidae,1
Klondike Gold Rush National Historical Park,Ranidae,2
Knife River Indian Villages National Historic Site,Ambystomatidae,1
Knife River Indian Villages National Historic Site,Bufonidae,2
Knife River Indian Villages National Historic Site,Hylidae,1
Knife River Indian Villages National Historic Site,Ranidae,1
Knife River Indian Villages National Historic Site,Scaphiopodidae,1
Kobuk Valley National Park,Ranidae,1
Lake Chelan National Recreation Area,Ambystomatidae,1
Lake Chelan National Recreation Area,Hylidae,1
Lake Clark National Park,Ranidae,1
Lake Mead National Recreation Area,Ambystomatidae,1
Lake Mead National Recreation Area,Bufonidae,4
Lake Mead National Recreation Area,Hylidae,2
Lake Mead National Recreation Area,Ranidae,4
Lake Mead National Recreation Area,Scaphiopodidae,1
Lake Meredith National Recreation Area,Ambystomatidae,1
Lake Meredith National Recreation Area,Bufonidae,5
Lake Meredith National Recreation Area,Hylidae,2
Lake Meredith National Recreation Area,Ranidae,2
Lake Meredith National Recreation Area,Scaphiopodidae,3
Lake Roosevelt National Recreation Area,Ambystomatidae,2
Lake Roosevelt National Recreation Area,Bufonidae,1
Lake Roosevelt National Recreation Area,Hylidae,1
Lake Roosevelt National Recreation Area,Ranidae,2
Lake Roosevelt National Recreation Area,Scaphiopodidae,1
Lassen Volcanic National Park,Ambystomatidae,1
Lassen Volcanic National Park,Bufonidae,1
Lassen Volcanic National Park,Hylidae,1
Lassen Volcanic National Park,Plethodontidae,1
Lassen Volcanic National Park,Ranidae,3
Lassen Volcanic National Park,Salamandridae,1
Lava Beds National Monument,Bufonidae,1
Lava Beds National Monument,Hylidae,1
Lava Beds National Monument,Ranidae,1
Lewis and Clark National Historical Park,Ambystomatidae,3
Lewis and Clark National Historical Park,Hylidae,1
Lewis and Clark National Historical Park,Plethodontidae,3
Lewis and Clark National Historical Park,Ranidae,2
Lewis and Clark National Historical Park,Rhyacotritonidae,1
Lewis and Clark National Historical Park,Salamandridae,1
Lincoln Boyhood National Memorial,Ambystomatidae,3
Lincoln Boyhood National Memorial,Bufonidae,1
Lincoln Boyhood National Memorial,Hylidae,4
Lincoln Boyhood National Memorial,Plethodontidae,3
Lincoln Boyhood National Memorial,Ranidae,4
Little Bighorn Battlefield National Monument,Ambystomatidae,1
Little Bighorn Battlefield National Monument,Bufonidae,2
Little Bighorn Battlefield National Monument,Ranidae,1
Little Bighorn Battlefield National Monument,Scaphiopodidae,1
Little River Canyon National Preserve,Ambystomatidae,3
Little River Canyon National Preserve,Bufonidae,2
Little River Canyon National Preserve,Hylidae,8
Little River Canyon National Preserve,Microhylidae,1
Little River Canyon National Preserve,Plethodontidae,12
Little River Canyon National Preserve,Proteidae,1
Little River Canyon National Preserve,Ranidae,5
Little River Canyon National Preserve,Salamandridae,1
Little River Canyon National Preserve,Scaphiopodidae,1
Lyndon B. Johnson National Historical Park,Bufonidae,5
Lyndon B. Johnson National Historical Park,Hylidae,4
Lyndon B. Johnson National Historical Park,Microhylidae,1
Lyndon B. Johnson National Historical Park,Ranidae,2
Lyndon B. Johnson National Historical Park,Scaphiopodidae,2
Mammoth Cave National Park,Ambystomatidae,5
Mammoth Cave National Park,Bufonidae,2
Mammoth Cave National Park,Cryptobranchidae,1
Mammoth Cave National Park,Hylidae,5
Mammoth Cave National Park,Microhylidae,1
Mammoth Cave National Park,Plethodontidae,10
Mammoth Cave National Park,Proteidae,1
Mammoth Cave National Park,Ranidae,5
Mammoth Cave National Park,Salamandridae,1
Mammoth Cave National Park,Scaphiopodidae,1
Manassas National Battlefield Park,Ambystomatidae,3
Manassas National Battlefield Park,Bufonidae,2
Manassas National Battlefield Park,Hylidae,5
Manassas National Battlefield Park,Plethodontidae,5
Manassas National Battlefield Park,Ranidae,5
Manassas National Battlefield Park,Salamandridae,1
Manhattan Project National Historical Park,Ranidae,1
Manzanar National Historic Site,Ranidae,1
Marsh-Billings-Rockefeller National Historical Park,Ambystomatidae,2
Marsh-Billings-Rockefeller National Historical Park,Bufonidae,1
Marsh-Billings-Rockefeller National Historical Park,Hylidae,2
Marsh-Billings-Rockefeller National Historical Park,Plethodontidae,3
Marsh-Billings-Rockefeller National Historical Park,Ranidae,5
Marsh-Billings-Rockefeller National Historical Park,Salamandridae,1
"Martin Luther King, Jr. National Historical Park",Hylidae,1
Martin Van Buren National Historic Site,Ambystomatidae,2
Martin Van Buren National Historic Site,Bufonidae,1
Martin Van Buren National Historic Site,Hylidae,2
Martin Van Buren National Historic Site,Plethodontidae,2
Martin Van Buren National Historic Site,Ranidae,4
Mesa Verde National Park,Ambystomatidae,1
Mesa Verde National Park,Bufonidae,2
Mesa Verde National Park,Hylidae,1
Mesa Verde National Park,Ranidae,2
Mesa Verde National Park,Scaphiopodidae,2
Minidoka National Historic Site,Pipidae,1
Minidoka National Historic Site,Ranidae,1
Minute Man National Historical Park,Ambystomatidae,2
Minute Man National Historical Park,Bufonidae,1
Minute Man National Historical Park,Hylidae,2
Minute Man National Historical Park,Plethodontidae,3
Minute Man National Historical Park,Ranidae,5
Minute Man National Historical Park,Salamandridae,1
Mississippi National River and Recreation Area,Ambystomatidae,2
Mississippi National River and Recreation Area,Bufonidae,1
Mississippi National River and Recreation Area,Hylidae,5
Mississippi National River and Recreation Area,Proteidae,1
Mississippi National River and Recreation Area,Ranidae,6
Mississippi National River and Recreation Area,Salamandridae,1
Missouri National Recreational River,Ambystomatidae,1
Missouri National Recreational River,Bufonidae,2
Missouri National Recreational River,Hylidae,3
Missouri National Recreational River,Ranidae,3
Missouri National Recreational River,Scaphiopodidae,1
Mojave National Preserve,Bufonidae,2
Mojave National Preserve,Hylidae,1
Monocacy National Battlefield,Ambystomatidae,2
Monocacy National Battlefield,Bufonidae,2
Monocacy National Battlefield,Hylidae,2
Monocacy National Battlefield,Plethodontidae,7
Monocacy National Battlefield,Ranidae,5
Monocacy National Battlefield,Salamandridae,1
Monocacy National Battlefield,Scaphiopodidae,1
Montezuma Castle National Monument,Bufonidae,3
Montezuma Castle National Monument,Hylidae,1
Montezuma Castle National Monument,Ranidae,2
Moores Creek National Battlefield,Ambystomatidae,1
Moores Creek National Battlefield,Amphiumidae,1
Moores Creek National Battlefield,Bufonidae,2
Moores Creek National Battlefield,Hylidae,9
Moores Creek National Battlefield,Microhylidae,1
Moores Creek National Battlefield,Plethodontidae,2
Moores Creek National Battlefield,Ranidae,4
Moores Creek National Battlefield,Scaphiopodidae,1
Moores Creek National Battlefield,Sirenidae,2
Morristown National Historical Park,Ambystomatidae,4
Morristown National Historical Park,Bufonidae,1
Morristown National Historical Park,Hylidae,3
Morristown National Historical Park,Plethodontidae,8
Morristown National Historical Park,Ranidae,4
Morristown National Historical Park,Salamandridae,1
Mount Rainier National Park,Ambystomatidae,4
Mount Rainier National Park,Bufonidae,1
Mount Rainier National Park,Hylidae,1
Mount Rainier National Park,Leiopelmatidae,1
Mount Rainier National Park,Plethodontidae,4
Mount Rainier National Park,Ranidae,3
Mount Rainier National Park,Rhyacotritonidae,1
Mount Rainier National Park,Salamandridae,1
Mount Rushmore National Memorial,Ambystomatidae,1
Mount Rushmore National Memorial,Hylidae,1
Mount Rushmore National Memorial,Ranidae,2
Muir Woods National Monument,Ambystomatidae,1
Muir Woods National Monument,Pipidae,1
Muir Woods National Monument,Plethodontidae,3
Muir Woods National Monument,Ranidae,2
Muir Woods National Monument,Salamandridae,2
Natchez Trace Parkway,Ambystomatidae,5
Natchez Trace Parkway,Amphiumidae,2
Natchez Trace Parkway,Bufonidae,2
Natchez Trace Parkway,Cryptobranchidae,1
Natchez Trace Parkway,Eleutherodactylidae,1
Natchez Trace Parkway,Hylidae,10
Natchez Trace Parkway,Microhylidae,1
Natchez Trace Parkway,Plethodontidae,13
Natchez Trace Parkway,Proteidae,1
Natchez Trace Parkway,Ranidae,5
Natchez Trace Parkway,Salamandridae,1
Natchez Trace Parkway,Scaphiopodidae,1
Natchez Trace Parkway,Sirenidae,1
National Park of American Samoa,Bufonidae,1
Natural Bridges National Monument,Ambystomatidae,1
Natural Bridges National Monument,Bufonidae,2
Natural Bridges National Monument,Hylidae,1
Natural Bridges National Monument,Ranidae,2
Natural Bridges National Monument,Scaphiopodidae,3
Navajo National Monument,Ambystomatidae,1
Navajo National Monument,Bufonidae,2
Navajo National Monument,Hylidae,1
Navajo National Monument,Ranidae,1
Navajo National Monument,Scaphiopodidae,2
New Bedford Whaling National Historical Park,Ranidae,1
New River Gorge National Park and Preserve,Ambystomatidae,2
New River Gorge National Park and Preserve,Bufonidae,2
New River Gorge National Park and Preserve,Hylidae,4
New River Gorge National Park and Preserve,Plethodontidae,18
New River Gorge National Park and Preserve,Proteidae,1
New River Gorge National Park and Preserve,Ranidae,4
New River Gorge National Park and Preserve,Salamandridae,1
Nez Perce National Historical Park,Ambystomatidae,2
Nez Perce National Historical Park,Bufonidae,1
Nez Perce National Historical Park,Hylidae,2
Nez Perce National Historical Park,Ranidae,2
Ninety Six National Historic Site,Ambystomatidae,3
Ninety Six National Historic Site,Bufonidae,1
Ninety Six National Historic Site,Hylidae,8
Ninety Six National Historic Site,Microhylidae,1
Ninety Six National Historic Site,Plethodontidae,9
Ninety Six National Historic Site,Ranidae,4
Ninety Six National Historic Site,Salamandridae,1
Ninety Six National Historic Site,Scaphiopodidae,1
Niobrara National Scenic River,Ambystomatidae,1
Niobrara National Scenic River,Bufonidae,2
Niobrara National Scenic River,Hylidae,2
Niobrara National Scenic River,Ranidae,3
Niobrara National Scenic River,Scaphiopodidae,1
Noatak National Preserve,Ranidae,1
North Cascades National Park,Ambystomatidae,3
North Cascades National Park,Bufonidae,1
North Cascades National Park,Hylidae,1
North Cascades National Park,Leiopelmatidae,1
North Cascades National Park,Plethodontidae,2
North Cascades National Park,Ranidae,4
North Cascades National Park,Salamandridae,1
Obed Wild and Scenic River,Ambystomatidae,3
Obed Wild and Scenic River,Bufonidae,2
Obed Wild and Scenic River,Cryptobranchidae,1
Obed Wild and Scenic River,Hylidae,5
Obed Wild and Scenic River,Microhylidae,1
Obed Wild and Scenic River,Plethodontidae,14
Obed Wild and Scenic River,Proteidae,1
Obed Wild and Scenic River,Ranidae,5
Obed Wild and Scenic River,Salamandridae,1
Obed Wild and Scenic River,Scaphiopodidae,1
Ocmulgee Mounds National Historical Park,Ambystomatidae,1
Ocmulgee Mounds National Historical Park,Amphiumidae,1
Ocmulgee Mounds National Historical Park,Bufonidae,3
Ocmulgee Mounds National Historical Park,Hylidae,11
Ocmulgee Mounds National Historical Park,Microhylidae,1
Ocmulgee Mounds National Historical Park,Plethodontidae,5
Ocmulgee Mounds National Historical Park,Proteidae,1
Ocmulgee Mounds National Historical Park,Ranidae,3
Ocmulgee Mounds National Historical Park,Scaphiopodidae,1
Olympic National Park,Ambystomatidae,3
Olympic National Park,Bufonidae,1
Olympic National Park,Hylidae,1
Olympic National Park,Leiopelmatidae,1
Olympic National Park,Plethodontidae,3
Olympic National Park,Ranidae,2
Olympic National Park,Rhyacotritonidae,1
Olympic National Park,Salamandridae,1
Oregon Caves National Monument and Preserve,Ambystomatidae,1
Oregon Caves National Monument and Preserve,Bufonidae,1
Oregon Caves National Monument and Preserve,Hylidae,1
Oregon Caves National Monument and Preserve,Leiopelmatidae,1
Oregon Caves National Monument and Preserve,Plethodontidae,3
Oregon Caves National Monument and Preserve,Ranidae,1
Oregon Caves National Monument and Preserve,Rhyacotritonidae,1
Oregon Caves National Monument and Preserve,Salamandridae,1
Organ Pipe Cactus National Monument,Ambystomatidae,1
Organ Pipe Cactus National Monument,Bufonidae,4
Organ Pipe Cactus National Monument,Hylidae,1
Organ Pipe Cactus National Monument,Microhylidae,1
Organ Pipe Cactus National Monument,Ranidae,1
Organ Pipe Cactus National Monument,Scaphiopodidae,2
Oxon Cove Park and Oxon Hill Run,Ambystomatidae,1
Oxon Cove Park and Oxon Hill Run,Bufonidae,1
Oxon Cove Park and Oxon Hill Run,Hylidae,3
Oxon Cove Park and Oxon Hill Run,Ranidae,2
Oxon Run National Parkway,Plethodontidae,1
Oxon Run National Parkway,Ranidae,1
Oxon Run National Parkway,Salamandridae,1
Ozark National Scenic Riverways,Ambystomatidae,4
Ozark National Scenic Riverways,Bufonidae,2
Ozark National Scenic Riverways,Cryptobranchidae,1
Ozark National Scenic Riverways,Hylidae,4
Ozark National Scenic Riverways,Microhylidae,1
Ozark National Scenic Riverways,Plethodontidae,6
Ozark National Scenic Riverways,Proteidae,1
Ozark National Scenic Riverways,Ranidae,5
Ozark National Scenic Riverways,Salamandridae,1
Ozark National Scenic Riverways,Sirenidae,1
Padre Island National Seashore,Bufonidae,3
Padre Island National Seashore,Hylidae,3
Padre Island National Seashore,Microhylidae,1
Padre Island National Seashore,Ranidae,3
Padre Island National Seashore,Salamandridae,1
Padre Island National Seashore,Scaphiopodidae,2
Palo Alto Battlefield National Historical Park,Bufonidae,1
Palo Alto Battlefield National Historical Park,Eleutherodactylidae,1
Palo Alto Battlefield National Historical Park,Hylidae,3
Palo Alto Battlefield National Historical Park,Microhylidae,1
Palo Alto Battlefield National Historical Park,Ranidae,1
Palo Alto Battlefield National Historical Park,Scaphiopodidae,2
Palo Alto Battlefield National Historical Park,Sirenidae,1
Parashant National Monument,Ambystomatidae,1
Parashant National Monument,Bufonidae,3
Parashant National Monument,Hylidae,1
Parashant National Monument,Ranidae,2
Parashant National Monument,Scaphiopodidae,1
Pea Ridge National Military Park,Ambystomatidae,3
Pea Ridge National Military Park,Bufonidae,1
Pea Ridge National Military Park,Hylidae,4
Pea Ridge National Military Park,Microhylidae,1
Pea Ridge National Military Park,Plethodontidae,5
Pea Ridge National Military Park,Ranidae,6
Pea Ridge National Military Park,Salamandridae,1
Pecos National Historical Park,Ambystomatidae,1
Pecos National Historical Park,Bufonidae,2
Pecos National Historical Park,Ranidae,2
Pecos National Historical Park,Scaphiopodidae,1
Petersburg National Battlefield,Ambystomatidae,2
Petersburg National Battlefield,Amphiumidae,1
Petersburg National Battlefield,Bufonidae,2
Petersburg National Battlefield,Hylidae,6
Petersburg National Battlefield,Microhylidae,1
Petersburg National Battlefield,Plethodontidae,5
Petersburg National Battlefield,Ranidae,4
Petersburg National Battlefield,Salamandridae,1
Petersburg National Battlefield,Scaphiopodidae,1
Petersburg National Battlefield,Sirenidae,1
Petrified Forest National Park,Ambystomatidae,1
Petrified Forest National Park,Bufonidae,3
Petrified Forest National Park,Scaphiopodidae,3
Petroglyph National Monument,Ambystomatidae,1
Petroglyph National Monument,Bufonidae,3
Petroglyph National Monument,Ranidae,1
Petroglyph National Monument,Scaphiopodidae,3
Pictured Rocks National Lakeshore,Ambystomatidae,3
Pictured Rocks National Lakeshore,Bufonidae,1
Pictured Rocks National Lakeshore,Hylidae,3
Pictured Rocks National Lakeshore,Plethodontidae,2
Pictured Rocks National Lakeshore,Proteidae,1
Pictured Rocks National Lakeshore,Ranidae,6
Pictured Rocks National Lakeshore,Salamandridae,1
Pinnacles National Park,Bufonidae,1
Pinnacles National Park,Hylidae,1
Pinnacles National Park,Plethodontidae,3
Pinnacles National Park,Ranidae,3
Pinnacles National Park,Salamandridae,1
Pinnacles National Park,Scaphiopodidae,1
Pipe Spring National Monument,Ambystomatidae,1
Pipe Spring National Monument,Bufonidae,2
Pipe Spring National Monument,Scaphiopodidae,1
Pipestone National Monument,Ambystomatidae,1
Pipestone National Monument,Bufonidae,2
Pipestone National Monument,Hylidae,2
Pipestone National Monument,Ranidae,1
Piscataway Park,Ambystomatidae,2
Piscataway Park,Bufonidae,2
Piscataway Park,Hylidae,6
Piscataway Park,Plethodontidae,2
Piscataway Park,Ranidae,6
Piscataway Park,Scaphiopodidae,1
Point Reyes National Seashore,Ambystomatidae,1
Point Reyes National Seashore,Bufonidae,1
Point Reyes National Seashore,Hylidae,1
Point Reyes National Seashore,Pipidae,1
Point Reyes National Seashore,Plethodontidae,3
Point Reyes National Seashore,Ranidae,3
Point Reyes National Seashore,Salamandridae,2
Poverty Point National Monument,Bufonidae,1
Poverty Point National Monument,Ranidae,1
Presidio of San Francisco,Ambystomatidae,1
Presidio of San Francisco,Bufonidae,1
Presidio of San Francisco,Hylidae,1
Presidio of San Francisco,Plethodontidae,3
Presidio of San Francisco,Ranidae,2
Presidio of San Francisco,Salamandridae,2
Prince William Forest Park,Ambystomatidae,2
Prince William Forest Park,Bufonidae,2
Prince William Forest Park,Hylidae,6
Prince William Forest Park,Plethodontidae,8
Prince William Forest Park,Ranidae,5
Prince William Forest Park,Salamandridae,1
Pu'uhonua O Honaunau National Historical Park,Bufonidae,1
Pu'uhonua O Honaunau National Historical Park,Eleutherodactylidae,2
Pu'uhonua O Honaunau National Historical Park,Ranidae,1
Pu'ukohola Heiau National Historic Site,Bufonidae,1
Pu'ukohola Heiau National Historic Site,Eleutherodactylidae,2
Pu'ukohola Heiau National Historic Site,Ranidae,1
Pullman National Historic Site,Bufonidae,1
Rainbow Bridge National Monument,Ambystomatidae,1
Rainbow Bridge National Monument,Bufonidae,2
Rainbow Bridge National Monument,Hylidae,1
Rainbow Bridge National Monument,Ranidae,1
Rainbow Bridge National Monument,Scaphiopodidae,3
Reconstruction Era National Historical Park,Hylidae,1
Redwood National Park,Ambystomatidae,2
Redwood National Park,Bufonidae,1
Redwood National Park,Hylidae,1
Redwood National Park,Leiopelmatidae,1
Redwood National Park,Plethodontidae,8
Redwood National Park,Ranidae,3
Redwood National Park,Rhyacotritonidae,1
Redwood National Park,Salamandridae,2
Richmond National Battlefield Park,Ambystomatidae,2
Richmond National Battlefield Park,Amphiumidae,1
Richmond National Battlefield Park,Bufonidae,2
Richmond National Battlefield Park,Hylidae,6
Richmond National Battlefield Park,Microhylidae,1
Richmond National Battlefield Park,Plethodontidae,5
Richmond National Battlefield Park,Ranidae,4
Richmond National Battlefield Park,Salamandridae,1
Richmond National Battlefield Park,Scaphiopodidae,1
Rio Grande National Wild and Scenic River,Hylidae,1
Rio Grande National Wild and Scenic River,Ranidae,1
Rock Creek Park,Ambystomatidae,2
Rock Creek Park,Bufonidae,2
Rock Creek Park,Hylidae,4
Rock Creek Park,Plethodontidae,7
Rock Creek Park,Ranidae,5
Rocky Mountain National Park,Ambystomatidae,1
Rocky Mountain National Park,Bufonidae,1
Rocky Mountain National Park,Hylidae,1
Rocky Mountain National Park,Ranidae,3
Rosie the Riveter World War II Home Front National Historical Park,Pipidae,1
Rosie the Riveter World War II Home Front National Historical Park,Ranidae,1
Ross Lake National Recreation Area,Ambystomatidae,2
Ross Lake National Recreation Area,Bufonidae,1
Ross Lake National Recreation Area,Hylidae,1
Ross Lake National Recreation Area,Leiopelmatidae,1
Ross Lake National Recreation Area,Plethodontidae,2
Ross Lake National Recreation Area,Ranidae,1
Russell Cave National Monument,Ambystomatidae,2
Russell Cave National Monument,Bufonidae,2
Russell Cave National Monument,Hylidae,6
Russell Cave National Monument,Microhylidae,1
Russell Cave National Monument,Plethodontidae,12
Russell Cave National Monument,Ranidae,4
Russell Cave National Monument,Salamandridae,1
Sagamore Hill National Historic Site,Ambystomatidae,1
Sagamore Hill National Historic Site,Hylidae,2
Sagamore Hill National Historic Site,Plethodontidae,1
Sagamore Hill National Historic Site,Ranidae,1
Saguaro National Park,Bufonidae,3
Saguaro National Park,Hylidae,1
Saguaro National Park,Pipidae,1
Saguaro National Park,Ranidae,2
Saguaro National Park,Scaphiopodidae,2
Saint Croix National Scenic Riverway,Ambystomatidae,3
Saint Croix National Scenic Riverway,Bufonidae,1
Saint Croix National Scenic Riverway,Hylidae,4
Saint Croix National Scenic Riverway,Plethodontidae,2
Saint Croix National Scenic Riverway,Proteidae,1
Saint Croix National Scenic Riverway,Ranidae,6
Saint Croix National Scenic Riverway,Salamandridae,1
Saint-Gaudens National Historical Park,Ambystomatidae,2
Saint-Gaudens National Historical Park,Bufonidae,1
Saint-Gaudens National Historical Park,Hylidae,3
Saint-Gaudens National Historical Park,Plethodontidae,3
Saint-Gaudens National Historical Park,Ranidae,4
Saint-Gaudens National Historical Park,Salamandridae,1
Salinas Pueblo Missions National Monument,Ambystomatidae,1
Salinas Pueblo Missions National Monument,Bufonidae,2
Salinas Pueblo Missions National Monument,Hylidae,1
Salinas Pueblo Missions National Monument,Ranidae,1
Salinas Pueblo Missions National Monument,Scaphiopodidae,2
Salt River Bay National Historical Park and Ecological Preserve,Bufonidae,1
San Antonio Missions National Historical Park,Bufonidae,1
San Antonio Missions National Historical Park,Eleutherodactylidae,1
San Antonio Missions National Historical Park,Hylidae,3
San Antonio Missions National Historical Park,Microhylidae,1
San Antonio Missions National Historical Park,Ranidae,2
San Antonio Missions National Historical Park,Scaphiopodidae,1
San Francisco Maritime National Historical Park,Pipidae,1
San Francisco Maritime National Historical Park,Plethodontidae,1
San Francisco Maritime National Historical Park,Ranidae,1
San Juan Island National Historical Park,Bufonidae,1
San Juan Island National Historical Park,Hylidae,1
San Juan Island National Historical Park,Ranidae,2
San Juan Island National Historical Park,Salamandridae,1
San Juan National Historic Site,Bufonidae,1
San Juan National Historic Site,Eleutherodactylidae,1
San Juan National Historic Site,Hylidae,2
San Juan National Historic Site,Ranidae,2
Sand Creek Massacre National Historic Site,Ambystomatidae,1
Sand Creek Massacre National Historic Site,Bufonidae,2
Sand Creek Massacre National Historic Site,Ranidae,1
Santa Monica Mountains National Recreation Area,Bufonidae,2
Santa Monica Mountains National Recreation Area,Hylidae,2
Santa Monica Mountains National Recreation Area,Pipidae,1
Santa Monica Mountains National Recreation Area,Plethodontidae,5
Santa Monica Mountains National Recreation Area,Ranidae,2
Santa Monica Mountains National Recreation Area,Salamandridae,1
Santa Monica Mountains National Recreation Area,Scaphiopodidae,1
Saratoga National Historical Park,Ambystomatidae,3
Saratoga National Historical Park,Bufonidae,1
Saratoga National Historical Park,Hylidae,2
Saratoga National Historical Park,Plethodontidae,2
Saratoga National Historical Park,Ranidae,5
Saratoga National Historical Park,Salamandridae,1
Saugus Iron Works National Historic Site,Ambystomatidae,2
Saugus Iron Works National Historic Site,Bufonidae,1
Saugus Iron Works National Historic Site,Hylidae,1
Saugus Iron Works National Historic Site,Plethodontidae,3
Saugus Iron Works National Historic Site,Ranidae,4
Saugus Iron Works National Historic Site,Salamandridae,1
Scotts Bluff National Monument,Ambystomatidae,1
Scotts Bluff National Monument,Bufonidae,2
Scotts Bluff National Monument,Hylidae,1
Scotts Bluff National Monument,Ranidae,2
Scotts Bluff National Monument,Scaphiopodidae,1
Sequoia National Park,Bufonidae,1
Sequoia National Park,Hylidae,1
Sequoia National Park,Plethodontidae,4
Sequoia National Park,Ranidae,3
Sequoia National Park,Salamandridae,2
Shenandoah National Park,Ambystomatidae,4
Shenandoah National Park,Bufonidae,2
Shenandoah National Park,Hylidae,4
Shenandoah National Park,Plethodontidae,13
Shenandoah National Park,Ranidae,4
Shenandoah National Park,Salamandridae,1
Shenandoah National Park,Scaphiopodidae,1
Shiloh National Military Park,Ambystomatidae,4
Shiloh National Military Park,Bufonidae,2
Shiloh National Military Park,Hylidae,9
Shiloh National Military Park,Microhylidae,1
Shiloh National Military Park,Plethodontidae,7
Shiloh National Military Park,Ranidae,3
Shiloh National Military Park,Salamandridae,1
Sitka National Historical Park,Salamandridae,1
Sleeping Bear Dunes National Lakeshore,Ambystomatidae,3
Sleeping Bear Dunes National Lakeshore,Bufonidae,2
Sleeping Bear Dunes National Lakeshore,Hylidae,5
Sleeping Bear Dunes National Lakeshore,Plethodontidae,2
Sleeping Bear Dunes National Lakeshore,Proteidae,1
Sleeping Bear Dunes National Lakeshore,Ranidae,5
Sleeping Bear Dunes National Lakeshore,Salamandridae,1
Stones River National Battlefield,Ambystomatidae,4
Stones River National Battlefield,Bufonidae,2
Stones River National Battlefield,Hylidae,4
Stones River National Battlefield,Microhylidae,1
Stones River National Battlefield,Plethodontidae,8
Stones River National Battlefield,Proteidae,1
Stones River National Battlefield,Ranidae,4
Stones River National Battlefield,Salamandridae,1
Stones River National Battlefield,Scaphiopodidae,1
Stonewall National Monument,Ranidae,1
Suitland Parkway,Hylidae,2
Suitland Parkway,Plethodontidae,3
Suitland Parkway,Salamandridae,1
Sunset Crater Volcano National Monument,Ambystomatidae,1
Sunset Crater Volcano National Monument,Scaphiopodidae,1
Tallgrass Prairie National Preserve,Ambystomatidae,2
Tallgrass Prairie National Preserve,Bufonidae,3
Tallgrass Prairie National Preserve,Hylidae,4
Tallgrass Prairie National Preserve,Microhylidae,1
Tallgrass Prairie National Preserve,Proteidae,1
Tallgrass Prairie National Preserve,Ranidae,2
Tallgrass Prairie National Preserve,Scaphiopodidae,1
Theodore Roosevelt Island,Bufonidae,2
Theodore Roosevelt Island,Hylidae,3
Theodore Roosevelt Island,Ranidae,2
Theodore Roosevelt National Park,Ambystomatidae,1
Theodore Roosevelt National Park,Bufonidae,2
Theodore Roosevelt National Park,Hylidae,2
Theodore Roosevelt National Park,Ranidae,1
Theodore Roosevelt National Park,Scaphiopodidae,1
Thomas Stone National Historic Site,Ambystomatidae,1
Thomas Stone National Historic Site,Bufonidae,1
Thomas Stone National Historic Site,Hylidae,3
Thomas Stone National Historic Site,Plethodontidae,4
Thomas Stone National Historic Site,Ranidae,5
Timpanogos Cave National Monument,Ambystomatidae,1
Timpanogos Cave National Monument,Bufonidae,1
Timpanogos Cave National Monument,Hylidae,1
Timpanogos Cave National Monument,Ranidae,1
Timucuan Ecological and Historic Preserve,Ambystomatidae,1
Timucuan Ecological and Historic Preserve,Bufonidae,2
Timucuan Ecological and Historic Preserve,Eleutherodactylidae,1
Timucuan Ecological and Historic Preserve,Hylidae,8
Timucuan Ecological and Historic Preserve,Microhylidae,1
Timucuan Ecological and Historic Preserve,Plethodontidae,2
Timucuan Ecological and Historic Preserve,Ranidae,5
Timucuan Ecological and Historic Preserve,Salamandridae,2
Timucuan Ecological and Historic Preserve,Scaphiopodidae,1
Tonto National Monument,Ambystomatidae,1
Tonto National Monument,Bufonidae,5
Tonto National Monument,Hylidae,2
Tonto National Monument,Ranidae,2
Tonto National Monument,Scaphiopodidae,2
Tule Lake National Monument,Ranidae,1
Tumacacori National Historical Park,Bufonidae,4
Tumacacori National Historical Park,Hylidae,1
Tumacacori National Historical Park,Microhylidae,1
Tumacacori National Historical Park,Ranidae,1
Tumacacori National Historical Park,Scaphiopodidae,2
Tuskegee Airmen National Historic Site,Hylidae,1
Tuskegee Institute National Historic Site,Hylidae,2
Tuskegee Institute National Historic Site,Plethodontidae,1
Tuskegee Institute National Historic Site,Ranidae,1
Tuzigoot National Monument,Bufonidae,3
Tuzigoot National Monument,Ranidae,1
Upper Delaware Scenic and Recreational River,Ambystomatidae,3
Upper Delaware Scenic and Recreational River,Bufonidae,1
Upper Delaware Scenic and Recreational River,Hylidae,3
Upper Delaware Scenic and Recreational River,Plethodontidae,8
Upper Delaware Scenic and Recreational River,Ranidae,5
Upper Delaware Scenic and Recreational River,Salamandridae,1
Valles Caldera National Preserve,Ambystomatidae,1
Valles Caldera National Preserve,Hylidae,1
Valles Caldera National Preserve,Plethodontidae,1
Valles Caldera National Preserve,Ranidae,1
Valley Forge National Historical Park,Bufonidae,2
Valley Forge National Historical Park,Hylidae,2
Valley Forge National Historical Park,Plethodontidae,6
Valley Forge National Historical Park,Ranidae,5
Valley Forge National Historical Park,Salamandridae,1
Vanderbilt Mansion National Historic Site,Bufonidae,1
Vanderbilt Mansion National Historic Site,Hylidae,2
Vanderbilt Mansion National Historic Site,Plethodontidae,1
Vanderbilt Mansion National Historic Site,Ranidae,3
Vicksburg National Military Park,Ambystomatidae,3
Vicksburg National Military Park,Bufonidae,3
Vicksburg National Military Park,Hylidae,8
Vicksburg National Military Park,Microhylidae,1
Vicksburg National Military Park,Plethodontidae,6
Vicksburg National Military Park,Ranidae,5
Vicksburg National Military Park,Salamandridae,1
Vicksburg National Military Park,Scaphiopodidae,1
Virgin Islands National Park,Bufonidae,2
Virgin Islands National Park,Eleutherodactylidae,4
Virgin Islands National Park,Hylidae,1
Virgin Islands National Park,Leptodactylidae,1
Voyageurs National Park,Ambystomatidae,1
Voyageurs National Park,Bufonidae,1
Voyageurs National Park,Hylidae,4
Voyageurs National Park,Plethodontidae,1
Voyageurs National Park,Proteidae,1
Voyageurs National Park,Ranidae,4
Voyageurs National Park,Salamandridae,1
Waco Mammoth National Monument,Bufonidae,1
Waco Mammoth National Monument,Eleutherodactylidae,1
Waco Mammoth National Monument,Hylidae,1
Walnut Canyon National Monument,Ambystomatidae,1
Walnut Canyon National Monument,Bufonidae,1
Walnut Canyon National Monument,Hylidae,3
Walnut Canyon National Monument,Scaphiopodidae,2
War in the Pacific National Historical Park,Bufonidae,1
War in the Pacific National Historical Park,Dicroglossidae,2
War in the Pacific National Historical Park,Eleutherodactylidae,2
War in the Pacific National Historical Park,Hylidae,1
War in the Pacific National Historical Park,Ranidae,1
War in the Pacific National Historical Park,Rhacophoridae,1
Washita Battlefield National Historic Site,Ambystomatidae,1
Washita Battlefield National Historic Site,Hylidae,1
Washita Battlefield National Historic Site,Microhylidae,1
Washita Battlefield National Historic Site,Ranidae,2
Weir Farm National Historical Park,Ambystomatidae,2
Weir Farm National Historical Park,Bufonidae,1
Weir Farm National Historical Park,Hylidae,2
Weir Farm National Historical Park,Plethodontidae,2
Weir Farm National Historical Park,Ranidae,4
Weir Farm National Historical Park,Salamandridae,1
Whiskeytown-Shasta-Trinity National Recreation Area,Ambystomatidae,2
Whiskeytown-Shasta-Trinity National Recreation Area,Bufonidae,1
Whiskeytown-Shasta-Trinity National Recreation Area,Hylidae,1
Whiskeytown-Shasta-Trinity National Recreation Area,Leiopelmatidae,1
Whiskeytown-Shasta-Trinity National Recreation Area,Plethodontidae,2
Whiskeytown-Shasta-Trinity National Recreation Area,Ranidae,2
Whiskeytown-Shasta-Trinity National Recreation Area,Salamandridae,1
Whiskeytown-Shasta-Trinity National Recreation Area,Scaphiopodidae,1
White Sands National Park,Ambystomatidae,1
White Sands National Park,Bufonidae,3
White Sands National Park,Ranidae,2
White Sands National Park,Scaphiopodidae,3
Whitman Mission National Historic Site,Ambystomatidae,1
Whitman Mission National Historic Site,Hylidae,1
Whitman Mission National Historic Site,Ranidae,3
Whitman Mission National Historic Site,Scaphiopodidae,1
Wilson's Creek National Battlefield,Bufonidae,1
Wilson's Creek National Battlefield,Hylidae,4
Wilson's Creek National Battlefield,Microhylidae,1
Wilson's Creek National Battlefield,Plethodontidae,6
Wilson's Creek National Battlefield,Proteidae,1
Wilson's Creek National Battlefield,Ranidae,2
Wind Cave National Park,Ambystomatidae,1
Wind Cave National Park,Bufonidae,2
Wind Cave National Park,Hylidae,1
Wind Cave National Park,Ranidae,2
Wind Cave National Park,Scaphiopodidae,1
Wolf Trap National Park for the Performing Arts,Ambystomatidae,1
Wolf Trap National Park for the Performing Arts,Bufonidae,1
Wolf Trap National Park for the Performing Arts,Hylidae,3
Wolf Trap National Park for the Performing Arts,Plethodontidae,3
Wolf Trap National Park for the Performing Arts,Ranidae,4
Wolf Trap National Park for the Performing Arts,Salamandridae,1
Women's Rights National Historical Park,Ranidae,1
Wrangell-St. Elias National Park,Bufonidae,1
Wrangell-St. Elias National Park,Ranidae,1
Wright Brothers National Memorial,Bufonidae,2
Wright Brothers National Memorial,Hylidae,2
Wright Brothers National Memorial,Microhylidae,1
Wright Brothers National Memorial,Plethodontidae,1
Wright Brothers National Memorial,Ranidae,3
Wright Brothers National Memorial,Scaphiopodidae,1
Wupatki National Monument,Ambystomatidae,1
Wupatki National Monument,Bufonidae,3
Wupatki National Monument,Scaphiopodidae,2
Yellowstone National Park,Ambystomatidae,1
Yellowstone National Park,Bufonidae,1
Yellowstone National Park,Hylidae,1
Yellowstone National Park,Ranidae,2
Yellowstone National Park,Scaphiopodidae,1
Yosemite National Park,Bufonidae,2
Yosemite National Park,Hylidae,1
Yosemite National Park,Plethodontidae,5
Yosemite National Park,Ranidae,4
Yosemite National Park,Salamandridae,1
Yucca House National Monument,Ambystomatidae,1
Yucca House National Monument,Bufonidae,1
Yucca House National Monument,Hylidae,1
Yucca House National Monument,Ranidae,2
Yucca House National Monument,Scaphiopodidae,1
Yukon-Charley Rivers National Preserve,Ranidae,1
Zion National Park,Ambystomatidae,1
Zion National Park,Bufonidae,3
Zion National Park,Hylidae,1
Zion National Park,Ranidae,1
Zion National Park,Scaphiopodidae,1
